{"textures":{"0":"modelengine:entity/mutant_flower","particle":"#0"},"elements":[{"from":[6.028352,4.7257485,2.7385588],"to":[9.971648,8.6690445,10.625151],"faces":{"east":{"uv":[7.1875,4.3125,6.4375,4.6875],"tintindex":0,"rotation":0,"texture":"#0"},"south":{"uv":[1.25,10.875,0.875,11.25],"tintindex":0,"rotation":0,"texture":"#0"},"north":{"uv":[3.25,10.875,2.875,11.25],"tintindex":0,"rotation":0,"texture":"#0"},"west":{"uv":[10.375,1.0625,9.625,1.4375],"tintindex":0,"rotation":0,"texture":"#0"},"up":{"uv":[9.4375,2.625,9.0625,3.375],"tintindex":0,"rotation":0,"texture":"#0"},"down":{"uv":[10.125,7.3125,9.75,6.5625],"tintindex":0,"rotation":0,"texture":"#0"}},"rotation":{"origin":[8.0,18.860893,3.0929542],"angle":-22.5,"axis":"x"}},{"from":[6.35696,12.266962,16.142841],"to":[9.64304,16.210258,22.057785],"faces":{"east":{"uv":[10.9375,2.375,10.375,2.75],"tintindex":0,"rotation":0,"texture":"#0"},"south":{"uv":[9.0,5.5,8.6875,5.875],"tintindex":0,"rotation":0,"texture":"#0"},"north":{"uv":[4.25,11.125,3.9375,11.5],"tintindex":0,"rotation":0,"texture":"#0"},"west":{"uv":[10.9375,2.8125,10.375,3.1875],"tintindex":0,"rotation":0,"texture":"#0"},"up":{"uv":[2.4375,7.0625,2.125,7.625],"tintindex":0,"rotation":0,"texture":"#0"},"down":{"uv":[5.0,7.625,4.6875,7.0625],"tintindex":0,"rotation":0,"texture":"#0"}},"rotation":{"origin":[8.0,18.860893,3.0929542],"angle":22.5,"axis":"x"}},{"from":[7.014176,6.224158,18.208923],"to":[8.985824,8.853022,25.4383],"faces":{"east":{"uv":[11.25,7.9375,10.5625,8.1875],"tintindex":0,"rotation":0,"texture":"#0"},"south":{"uv":[9.25,9.625,9.0625,9.875],"tintindex":0,"rotation":0,"texture":"#0"},"north":{"uv":[9.875,3.6875,9.6875,3.9375],"tintindex":0,"rotation":0,"texture":"#0"},"west":{"uv":[11.4375,1.4375,10.75,1.6875],"tintindex":0,"rotation":0,"texture":"#0"},"up":{"uv":[7.625,5.125,7.4375,5.8125],"tintindex":0,"rotation":0,"texture":"#0"},"down":{"uv":[9.1875,7.3125,9.0,6.625],"tintindex":0,"rotation":0,"texture":"#0"}}}],"display":{"head":{"rotation":[0.0,0.0,0.0]},"firstperson_righthand":{"rotation":[0.0,0.0,0.0]},"thirdperson_lefthand":{"rotation":[0.0,-0.0,-0.0]},"firstperson_lefthand":{"rotation":[0.0,-0.0,-0.0]},"fixed":{"rotation":[0.0,0.0,0.0]},"ground":{"rotation":[0.0,0.0,0.0]},"thirdperson_righthand":{"rotation":[0.0,0.0,0.0]},"gui":{"rotation":[-150.0,-45.0,180.0]}}}