{"textures":{"0":"modelengine:entity/mutant_flower","particle":"#0"},"elements":[{"from":[6.35696,12.266962,-6.057785],"to":[9.64304,16.210258,-0.14284039],"faces":{"east":{"uv":[10.375,2.375,10.9375,2.75],"tintindex":0,"rotation":0,"texture":"#0"},"south":{"uv":[3.9375,11.125,4.25,11.5],"tintindex":0,"rotation":0,"texture":"#0"},"north":{"uv":[8.6875,5.5,9.0,5.875],"tintindex":0,"rotation":0,"texture":"#0"},"west":{"uv":[10.375,2.8125,10.9375,3.1875],"tintindex":0,"rotation":0,"texture":"#0"},"up":{"uv":[2.4375,7.625,2.125,7.0625],"tintindex":0,"rotation":0,"texture":"#0"},"down":{"uv":[5.0,7.0625,4.6875,7.625],"tintindex":0,"rotation":0,"texture":"#0"}},"rotation":{"origin":[8.0,18.860893,12.907046],"angle":-22.5,"axis":"x"}},{"from":[6.028352,4.7257485,5.374849],"to":[9.971648,8.6690445,13.261441],"faces":{"east":{"uv":[6.4375,4.3125,7.1875,4.6875],"tintindex":0,"rotation":0,"texture":"#0"},"south":{"uv":[2.875,10.875,3.25,11.25],"tintindex":0,"rotation":0,"texture":"#0"},"north":{"uv":[0.875,10.875,1.25,11.25],"tintindex":0,"rotation":0,"texture":"#0"},"west":{"uv":[9.625,1.0625,10.375,1.4375],"tintindex":0,"rotation":0,"texture":"#0"},"up":{"uv":[9.4375,3.375,9.0625,2.625],"tintindex":0,"rotation":0,"texture":"#0"},"down":{"uv":[10.125,6.5625,9.75,7.3125],"tintindex":0,"rotation":0,"texture":"#0"}},"rotation":{"origin":[8.0,18.860893,12.907046],"angle":22.5,"axis":"x"}},{"from":[7.014176,6.224158,-9.438299],"to":[8.985824,8.853022,-2.2089224],"faces":{"east":{"uv":[10.5625,7.9375,11.25,8.1875],"tintindex":0,"rotation":0,"texture":"#0"},"south":{"uv":[9.6875,3.6875,9.875,3.9375],"tintindex":0,"rotation":0,"texture":"#0"},"north":{"uv":[9.0625,9.625,9.25,9.875],"tintindex":0,"rotation":0,"texture":"#0"},"west":{"uv":[10.75,1.4375,11.4375,1.6875],"tintindex":0,"rotation":0,"texture":"#0"},"up":{"uv":[7.625,5.8125,7.4375,5.125],"tintindex":0,"rotation":0,"texture":"#0"},"down":{"uv":[9.1875,6.625,9.0,7.3125],"tintindex":0,"rotation":0,"texture":"#0"}}}],"display":{"head":{"rotation":[0.0,0.0,0.0]},"firstperson_righthand":{"rotation":[0.0,0.0,0.0]},"thirdperson_lefthand":{"rotation":[0.0,-0.0,-0.0]},"firstperson_lefthand":{"rotation":[0.0,-0.0,-0.0]},"fixed":{"rotation":[0.0,0.0,0.0]},"ground":{"rotation":[0.0,0.0,0.0]},"thirdperson_righthand":{"rotation":[0.0,0.0,0.0]},"gui":{"rotation":[-150.0,-45.0,180.0]}}}