{"textures":{"0":"modelengine:entity/mutant_flower","particle":"#0"},"elements":[{"from":[8.194889,-11.175154,-12.547462],"to":[8.194889,12.484623,18.998907],"faces":{"east":{"uv":[6.1875,7.4375,7.1875,8.1875],"tintindex":0,"rotation":0,"texture":"#0"},"west":{"uv":[7.25,7.4375,8.25,8.1875],"tintindex":0,"rotation":0,"texture":"#0"}},"rotation":{"origin":[25.93972,19.148947,25.93972],"angle":22.5,"axis":"x"}},{"from":[-12.547462,-11.175154,8.194889],"to":[18.998907,12.484623,8.194889],"faces":{"south":{"uv":[5.125,6.9375,6.125,7.6875],"tintindex":0,"rotation":0,"texture":"#0"},"north":{"uv":[2.5625,6.9375,3.5625,7.6875],"tintindex":0,"rotation":0,"texture":"#0"}},"rotation":{"origin":[25.93972,19.148947,25.93972],"angle":-22.5,"axis":"z"}}],"display":{"head":{"rotation":[0.0,0.0,0.0]},"firstperson_righthand":{"rotation":[0.0,0.0,0.0]},"thirdperson_lefthand":{"rotation":[0.0,-0.0,-0.0]},"firstperson_lefthand":{"rotation":[0.0,-0.0,-0.0]},"fixed":{"rotation":[0.0,0.0,0.0]},"ground":{"rotation":[0.0,0.0,0.0]},"thirdperson_righthand":{"rotation":[0.0,0.0,0.0]},"gui":{"rotation":[-150.0,-45.0,180.0]}}}