{"textures":{"0":"modelengine:entity/mutant_flower","particle":"#0"},"elements":[{"from":[1.0942531,8.021317,1.1017218],"to":[14.895788,20.837029,14.903257],"faces":{"east":{"uv":[7.75,5.125,8.625,5.9375],"tintindex":0,"rotation":0,"texture":"#0"},"south":{"uv":[1.0625,7.875,1.9375,8.6875],"tintindex":0,"rotation":0,"texture":"#0"},"north":{"uv":[4.6875,7.75,5.5625,8.5625],"tintindex":0,"rotation":0,"texture":"#0"},"west":{"uv":[3.1875,7.875,4.0625,8.6875],"tintindex":0,"rotation":0,"texture":"#0"},"up":{"uv":[7.3125,2.5,6.4375,1.625],"tintindex":0,"rotation":0,"texture":"#0"},"down":{"uv":[7.3125,2.5625,6.4375,3.4375],"tintindex":0,"rotation":0,"texture":"#0"}},"rotation":{"origin":[7.995021,7.2352905,8.002489],"angle":-45.0,"axis":"y"}},{"from":[0.108428955,8.021317,0.115897655],"to":[15.881613,20.837029,15.889082],"faces":{"east":{"uv":[6.375,4.75,7.375,5.5625],"tintindex":0,"rotation":0,"texture":"#0"},"south":{"uv":[4.0625,6.1875,5.0625,7.0],"tintindex":0,"rotation":0,"texture":"#0"},"north":{"uv":[4.0625,6.1875,5.0625,7.0],"tintindex":0,"rotation":0,"texture":"#0"},"west":{"uv":[6.375,4.75,7.375,5.5625],"tintindex":0,"rotation":0,"texture":"#0"},"up":{"uv":[3.625,4.9375,2.625,3.9375],"tintindex":0,"rotation":0,"texture":"#0"},"down":{"uv":[6.25,5.875,5.25,6.875],"tintindex":0,"rotation":0,"texture":"#0"}},"rotation":{"origin":[7.995021,7.2352905,8.002489],"angle":-45.0,"axis":"y"}},{"from":[0.1823659,11.964611,0.09125185],"to":[15.832321,24.780323,15.83979],"faces":{"east":{"uv":[6.375,4.75,7.375,5.5625],"tintindex":0,"rotation":0,"texture":"#0"},"south":{"uv":[4.0625,6.1875,5.0625,7.0],"tintindex":0,"rotation":0,"texture":"#0"},"north":{"uv":[4.0625,6.1875,5.0625,7.0],"tintindex":0,"rotation":0,"texture":"#0"},"west":{"uv":[6.375,4.75,7.375,5.5625],"tintindex":0,"rotation":0,"texture":"#0"},"up":{"uv":[3.625,4.9375,2.625,3.9375],"tintindex":0,"rotation":0,"texture":"#0"},"down":{"uv":[6.25,5.875,5.25,6.875],"tintindex":0,"rotation":0,"texture":"#0"}},"rotation":{"origin":[7.995021,7.2352905,8.002489],"angle":-45.0,"axis":"y"}}],"display":{"head":{"rotation":[0.0,0.0,0.0]},"firstperson_righthand":{"rotation":[0.0,0.0,0.0]},"thirdperson_lefthand":{"rotation":[0.0,-0.0,-0.0]},"firstperson_lefthand":{"rotation":[0.0,-0.0,-0.0]},"fixed":{"rotation":[0.0,0.0,0.0]},"ground":{"rotation":[0.0,0.0,0.0]},"thirdperson_righthand":{"rotation":[0.0,0.0,0.0]},"gui":{"rotation":[-150.0,-45.0,180.0]}}}