{"textures":{"0":"modelengine:entity/mutant_flower","particle":"#0"},"elements":[{"from":[18.208923,6.5574913,7.014176],"to":[25.4383,9.186356,8.985824],"faces":{"east":{"uv":[9.0625,9.625,9.25,9.875],"tintindex":0,"rotation":0,"texture":"#0"},"south":{"uv":[10.5625,7.9375,11.25,8.1875],"tintindex":0,"rotation":0,"texture":"#0"},"north":{"uv":[10.75,1.4375,11.4375,1.6875],"tintindex":0,"rotation":0,"texture":"#0"},"west":{"uv":[9.6875,3.6875,9.875,3.9375],"tintindex":0,"rotation":0,"texture":"#0"},"up":{"uv":[7.625,5.8125,7.4375,5.125],"tintindex":0,"rotation":90,"texture":"#0"},"down":{"uv":[9.1875,6.625,9.0,7.3125],"tintindex":0,"rotation":270,"texture":"#0"}}},{"from":[2.7385592,5.059082,6.028352],"to":[10.625152,9.0023775,9.971648],"faces":{"east":{"uv":[0.875,10.875,1.25,11.25],"tintindex":0,"rotation":0,"texture":"#0"},"south":{"uv":[6.4375,4.3125,7.1875,4.6875],"tintindex":0,"rotation":0,"texture":"#0"},"north":{"uv":[9.625,1.0625,10.375,1.4375],"tintindex":0,"rotation":0,"texture":"#0"},"west":{"uv":[2.875,10.875,3.25,11.25],"tintindex":0,"rotation":0,"texture":"#0"},"up":{"uv":[9.4375,3.375,9.0625,2.625],"tintindex":0,"rotation":90,"texture":"#0"},"down":{"uv":[10.125,6.5625,9.75,7.3125],"tintindex":0,"rotation":270,"texture":"#0"}},"rotation":{"origin":[3.0929546,19.194225,8.0],"angle":22.5,"axis":"z"}},{"from":[16.142841,12.600296,6.35696],"to":[22.057785,16.543592,9.64304],"faces":{"east":{"uv":[8.6875,5.5,9.0,5.875],"tintindex":0,"rotation":0,"texture":"#0"},"south":{"uv":[10.375,2.375,10.9375,2.75],"tintindex":0,"rotation":0,"texture":"#0"},"north":{"uv":[10.375,2.8125,10.9375,3.1875],"tintindex":0,"rotation":0,"texture":"#0"},"west":{"uv":[3.9375,11.125,4.25,11.5],"tintindex":0,"rotation":0,"texture":"#0"},"up":{"uv":[2.4375,7.625,2.125,7.0625],"tintindex":0,"rotation":90,"texture":"#0"},"down":{"uv":[5.0,7.0625,4.6875,7.625],"tintindex":0,"rotation":270,"texture":"#0"}},"rotation":{"origin":[3.0929546,19.194225,8.0],"angle":-22.5,"axis":"z"}}],"display":{"head":{"rotation":[0.0,0.0,0.0]},"firstperson_righthand":{"rotation":[0.0,0.0,0.0]},"thirdperson_lefthand":{"rotation":[0.0,-0.0,-0.0]},"firstperson_lefthand":{"rotation":[0.0,-0.0,-0.0]},"fixed":{"rotation":[0.0,0.0,0.0]},"ground":{"rotation":[0.0,0.0,0.0]},"thirdperson_righthand":{"rotation":[0.0,0.0,0.0]},"gui":{"rotation":[-150.0,-45.0,180.0]}}}